,City,Temperature,Humidity,Longitude,Latitude,Cloudiness,Country,Windspeed,Date
0,hobart,41.0,86,147.33,-42.88,75,AU,6.93,1602878272
1,nikolskoye,41.0,65,30.79,59.7,90,RU,6.71,1602878273
2,coaticook,48.2,100,-71.8,45.13,90,CA,4.7,1602878274
3,yumen,41.63,50,97.2,40.28,4,CN,13.51,1602878276
4,college,17.01,72,-147.8,64.86,20,US,5.82,1602878277
5,ribeira grande,68.0,68,-28.7,38.52,75,PT,10.29,1602878278
6,poroshkovo,37.99,97,22.75,48.67,100,UA,1.99,1602878280
7,butaritari,81.37,76,172.79,3.07,0,KI,14.27,1602878282
8,bluff,44.01,86,168.33,-46.6,55,NZ,4.0,1602878283
9,katangli,32.83,89,143.23,51.71,28,RU,11.92,1602878284
10,rikitea,73.74,81,-134.97,-23.12,100,PF,21.81,1602878285
11,busselton,50.0,70,115.33,-33.65,0,AU,10.0,1602878284
12,jawa,68.0,72,35.94,31.85,0,JO,1.9,1602878288
13,zyryanka,26.55,98,150.85,65.75,100,RU,7.87,1602878289
14,garhi khairo,72.1,20,67.98,28.06,24,PK,1.41,1602878290
15,mumford,77.94,87,-0.76,5.26,98,GH,11.36,1602878291
16,nieuw amsterdam,88.0,70,-55.08,5.88,32,SR,7.0,1602878191
17,hithadhoo,83.5,75,73.08,-0.6,85,MV,21.27,1602878294
18,khatanga,-1.8,90,102.5,71.97,0,RU,5.23,1602878295
19,linjiang,34.54,88,126.91,41.81,0,CN,2.01,1602878296
20,bredasdorp,59.0,87,20.04,-34.53,0,ZA,1.83,1602878297
21,lagoa,64.0,67,-27.98,39.05,100,PT,6.71,1602878298
22,mankono,75.6,83,-6.19,8.06,97,CI,2.35,1602878299
23,mwanza,75.2,60,32.9,-2.52,40,TZ,5.82,1602878301
24,hermanus,57.99,91,19.23,-34.42,0,ZA,6.13,1602878302
25,arraial do cabo,71.6,73,-42.03,-22.97,90,BR,10.29,1602878303
26,barrow,15.8,72,-156.79,71.29,1,US,24.16,1602878299
27,malkangiri,74.66,92,81.9,18.35,12,IN,0.98,1602878305
28,mount isa,66.2,42,139.5,-20.73,0,AU,5.82,1602878308
29,qarqin,59.7,33,66.04,37.42,0,AF,10.13,1602878309
30,lasa,48.0,93,10.7,46.62,75,IT,5.82,1602878310
31,moindou,66.2,93,165.68,-21.69,90,NC,4.7,1602878311
32,liku,75.36,84,119.89,-0.73,99,ID,2.64,1602878313
33,mar del plata,66.2,77,-57.56,-38.0,0,AR,14.99,1602878305
34,olafsvik,46.76,82,-23.71,64.89,100,IS,4.07,1602878315
35,saint-georges,87.8,70,-61.75,12.06,20,GD,17.22,1602878317
36,bengkulu,75.33,89,102.27,-3.8,55,ID,3.4,1602878318
37,esperance,46.4,100,121.9,-33.87,23,AU,3.36,1602878320
38,sambava,73.0,82,50.17,-14.27,1,MG,8.59,1602878321
39,atuona,78.78,74,-139.03,-9.8,0,PF,20.47,1602878322
40,petaling jaya,80.6,83,101.61,3.11,20,MY,1.23,1602878315
41,new norfolk,39.99,70,147.06,-42.78,100,AU,2.15,1602878325
42,dicabisagan,78.55,84,122.42,17.08,100,PH,6.35,1602878327
43,yellowknife,27.0,73,-114.35,62.46,90,CA,18.34,1602878266
44,veraval,82.8,81,70.37,20.9,100,IN,11.41,1602878330
45,chuy,64.38,74,-53.46,-33.7,13,UY,14.09,1602878036
46,adra,64.0,82,-3.02,36.75,0,ES,2.24,1602878334
47,albany,50.0,91,-73.97,42.6,100,US,4.45,1602878335
48,luderitz,66.24,56,15.16,-26.65,0,NA,15.28,1602878336
49,jarinu,66.2,68,-46.73,-23.1,40,BR,20.8,1602878338
50,ushuaia,46.4,52,-68.3,-54.8,75,AR,19.46,1602878339
51,dodola,50.81,77,39.18,6.98,2,ET,1.12,1602878340
52,tieli,33.91,85,128.05,46.95,36,CN,9.42,1602878341
53,faanui,78.69,79,-151.75,-16.48,97,PF,11.99,1602878343
54,leningradskiy,33.12,92,178.42,69.38,38,RU,6.55,1602878344
55,cape town,64.0,67,18.42,-33.93,0,ZA,4.7,1602878345
56,punta arenas,41.0,86,-70.92,-53.15,90,CL,10.29,1602878347
57,ponta do sol,68.0,68,-17.1,32.67,20,PT,5.82,1602878348
58,kutum,79.95,17,24.67,14.2,0,SD,9.64,1602878349
59,kenai,37.0,75,-151.26,60.55,1,US,5.82,1602878352
60,avarua,77.0,57,-159.78,-21.21,87,CK,13.87,1602878353
61,bathsheba,87.8,66,-59.52,13.22,40,BB,13.87,1602878354
62,pevek,35.73,86,170.31,69.7,14,RU,12.57,1602878357
63,beyneu,56.46,36,55.2,45.32,0,KZ,12.41,1602878359
64,hervey bay,61.0,93,152.85,-25.3,66,AU,8.05,1602878361
65,torbay,59.0,87,-52.73,47.67,90,CA,5.82,1602878362
66,puerto ayora,78.8,65,-90.35,-0.74,20,EC,16.11,1602878363
67,georgetown,78.8,94,100.34,5.41,20,MY,2.24,1602878364
68,marawi,73.99,93,124.29,8.0,84,PH,4.0,1602878365
69,meulaboh,76.71,84,96.13,4.14,100,ID,3.98,1602878367
70,qaanaaq,28.51,85,-69.36,77.48,100,GL,7.07,1602878369
71,samara,57.2,54,50.0,53.0,20,RU,4.47,1602878370
72,vanavara,25.72,96,102.28,60.34,100,RU,9.35,1602878372
73,vaini,75.2,94,-175.2,-21.2,90,TO,10.29,1602878373
74,cedar city,60.8,12,-113.06,37.68,1,US,4.7,1602878242
75,lodwar,89.17,36,35.6,3.12,10,KE,13.53,1602878375
76,kalmunai,76.37,75,81.82,7.42,35,LK,3.15,1602878377
77,kapaa,82.0,88,-159.32,22.08,40,US,6.93,1602878378
78,tuktoyaktuk,21.2,92,-133.04,69.45,90,CA,23.04,1602878379
79,victoria,77.0,73,114.16,22.29,40,HK,10.78,1602878295
80,mataura,44.01,86,168.86,-46.19,84,NZ,4.0,1602878383
81,saint-pierre,73.4,83,55.48,-21.34,20,RE,3.36,1602878384
82,mogadishu,79.43,82,45.34,2.04,65,SO,15.86,1602878385
83,inyonga,72.68,53,32.07,-6.72,0,TZ,2.1,1602878386
84,kupang,77.23,72,123.58,-10.17,37,ID,4.18,1602878387
85,tambura,70.5,95,27.47,5.6,100,SS,2.91,1602878389
86,saint-philippe,73.4,83,55.77,-21.36,20,RE,3.36,1602878392
87,prince rupert,48.2,76,-130.32,54.32,1,CA,11.41,1602878134
88,inongo,74.48,87,18.27,-1.95,55,CD,6.69,1602878394
89,portland,66.99,55,-122.68,45.52,29,US,1.01,1602878396
90,port pirie,57.2,93,138.02,-33.18,90,AU,11.41,1602878398
91,vulturu,62.6,77,27.42,45.62,90,RO,6.93,1602878399
92,thompson,30.2,80,-97.86,55.74,75,CA,13.87,1602878400
93,cidreira,66.27,76,-50.21,-30.18,20,BR,17.47,1602878402
94,airai,59.94,70,125.41,-8.93,57,TL,2.13,1602878404
95,springdale,64.99,23,-94.13,36.19,1,US,8.05,1602878406
96,vila,52.0,74,-8.16,42.03,97,PT,1.01,1602878407
97,ndungu,72.3,68,38.05,-4.37,0,TZ,3.04,1602878409
98,castro,67.39,65,-50.01,-24.79,89,BR,8.55,1602878134
99,koungou,78.8,78,45.2,-12.73,0,YT,8.05,1602878411
100,coahuayana,86.0,66,-103.68,18.73,40,MX,6.93,1602878413
101,maningrida,78.19,81,134.27,-12.07,87,AU,5.03,1602878414
102,magistralnyy,23.59,93,107.45,56.17,55,RU,3.87,1602878415
103,zhigansk,19.49,95,123.37,66.77,96,RU,6.38,1602878417
104,carnarvon,68.0,88,113.63,-24.87,0,AU,19.46,1602878418
105,bilibino,26.06,97,166.44,68.05,98,RU,0.83,1602878300
106,hudson bay,31.53,75,-102.38,52.85,0,CA,10.27,1602878421
107,shimoda,61.0,63,138.95,34.67,100,JP,4.0,1602878422
108,wattens,46.0,93,11.6,47.27,75,AT,2.24,1602878424
109,behbahan,71.6,18,50.24,30.6,0,IR,1.63,1602878425
110,alofi,77.04,83,-169.92,-19.06,100,NU,19.6,1602878426
111,jamestown,48.99,45,-79.24,42.1,20,US,13.87,1602878271
112,fuji,61.0,63,138.68,35.17,100,JP,4.0,1602878429
113,atar,92.41,21,-13.05,20.52,2,MR,8.93,1602878430
114,cabo san lucas,91.99,52,-109.91,22.89,5,MX,3.36,1602878400
115,tomatlan,90.75,62,-105.25,19.93,9,MX,8.46,1602878434
116,ahipara,55.94,66,173.17,-35.17,1,NZ,3.06,1602878435
117,kodiak,39.2,69,-152.41,57.79,1,US,6.93,1602878435
118,kipushi,67.64,60,27.23,-11.77,21,CD,3.2,1602878439
119,eureka,78.8,34,-124.16,40.8,1,US,6.93,1602878348
120,champerico,87.8,62,-91.92,14.3,40,GT,6.93,1602878441
121,aksarka,30.15,99,67.8,66.56,100,RU,21.3,1602878442
122,hilo,80.6,69,-155.09,19.73,40,US,5.82,1602878397
123,souillac,69.8,88,57.52,-20.52,20,MU,4.7,1602878444
124,iqaluit,35.6,93,-68.51,63.75,90,CA,2.24,1602878412
125,hofn,44.6,63,-15.21,64.25,0,IS,2.24,1602878448
126,nemuro,49.95,70,145.57,43.32,100,JP,9.98,1602878450
127,hirado,62.01,80,129.55,33.36,100,JP,15.68,1602878451
128,nanortalik,40.51,81,-45.24,60.14,80,GL,11.43,1602878454
129,kirakira,81.01,75,161.92,-10.45,30,SB,3.94,1602878455
130,hambantota,78.26,82,81.12,6.12,51,LK,15.12,1602878457
131,cayenne,87.8,48,-52.33,4.93,0,GF,13.87,1602878446
132,changzhou,57.0,89,119.97,31.78,0,CN,3.67,1602878428
133,constitucion,59.31,75,-72.42,-35.33,5,CL,6.4,1602878461
134,narsaq,44.6,80,-46.05,60.92,75,GL,4.7,1602878462
135,springfield,64.99,23,-93.3,37.22,1,US,16.11,1602878206
136,andros town,86.0,74,-77.77,24.7,92,BS,6.93,1602878465
137,sabzevar,50.31,41,57.68,36.21,0,IR,8.41,1602878466
138,avila,42.8,65,-5.0,40.58,43,ES,1.12,1602878467
139,morant bay,87.8,70,-76.41,17.88,40,JM,17.22,1602878469
140,feltre,48.99,95,11.91,46.02,100,IT,2.59,1602878470
141,waipawa,53.6,71,175.52,-41.41,100,NZ,3.36,1602878471
142,galle,79.65,83,80.22,6.04,54,LK,12.57,1602878472
143,sinegorye,21.63,89,150.48,62.08,99,RU,4.14,1602878473
144,balaipungut,75.94,86,101.28,1.05,95,ID,0.69,1602878475
145,husavik,39.2,86,-17.34,66.04,90,IS,3.36,1602878476
146,villarrica,84.56,60,-56.43,-25.75,100,PY,0.27,1602878477
147,ha tinh,73.96,90,105.9,18.33,100,VN,21.0,1602878478
148,tasiilaq,37.4,100,-37.64,65.61,90,GL,3.36,1602878479
149,margherita,73.35,91,95.68,27.28,0,IN,2.26,1602878481
150,port alfred,67.12,77,26.89,-33.59,32,ZA,25.68,1602878482
151,miri,78.8,94,114.01,4.41,40,MY,6.93,1602878483
152,locri,68.0,59,16.26,38.24,20,IT,9.17,1602878484
153,shirokiy,34.02,83,129.52,49.76,99,RU,9.01,1602878485
154,altagracia de orituco,82.24,74,-66.38,9.86,100,VE,3.78,1602878486
155,asfi,64.11,72,-9.24,32.3,0,MA,11.92,1602878256
156,katsuura,60.8,72,140.3,35.13,75,JP,11.41,1602878489
157,vila franca do campo,64.4,93,-25.43,37.72,40,PT,10.29,1602878490
158,bambous virieux,71.01,88,57.76,-20.34,20,MU,4.7,1602878491
159,fonte boa,92.34,48,-66.27,-2.5,87,BR,2.57,1602878493
160,maneadero,87.85,26,-116.57,31.72,0,MX,9.8,1602878494
161,hasaki,55.4,93,140.83,35.73,75,JP,10.29,1602878497
162,touros,84.2,58,-35.46,-5.2,99,BR,17.22,1602878498
163,tuatapere,45.0,85,167.68,-46.13,78,NZ,4.0,1602878500
164,gat,75.0,76,34.76,31.61,0,IL,4.61,1602878501
165,monrovia,78.8,94,-10.8,6.3,75,LR,6.71,1602878489
166,zabaykalsk,32.45,94,117.32,49.63,2,RU,13.82,1602878504
167,healdsburg,97.0,22,-122.87,38.61,1,US,3.36,1602878505
168,omboue,75.79,84,9.26,-1.57,99,GA,8.34,1602878506
169,nouadhibou,80.6,51,-17.03,20.93,4,MR,16.11,1602878507
170,kaitangata,46.99,87,169.85,-46.28,76,NZ,4.0,1602878508
171,saint george,78.01,11,-113.58,37.1,1,US,4.7,1602878510
172,aloleng,80.31,83,119.78,16.13,68,PH,5.66,1602878511
173,buin,78.01,41,-70.75,-33.73,0,CL,8.05,1602878512
174,hoi an,77.0,94,108.33,15.88,75,VN,2.24,1602878513
175,lompoc,93.0,22,-120.46,34.64,1,US,4.7,1602878514
176,nokaneng,77.04,17,22.27,-19.67,91,BW,8.72,1602878515
177,salsomaggiore terme,52.0,93,9.98,44.81,20,IT,4.7,1602878516
178,severo-kurilsk,41.23,75,156.12,50.68,76,RU,18.34,1602878518
179,bandiagara,91.29,26,-3.61,14.35,97,ML,0.83,1602878519
180,aksu,50.88,42,80.26,41.12,0,CN,4.76,1602878520
181,novomikhaylovskiy,64.06,77,38.86,44.26,0,RU,1.36,1602878521
182,broome,48.99,81,-75.83,42.25,90,US,11.41,1602878523
183,myaundzha,16.7,95,147.19,63.05,99,RU,3.29,1602878524
184,lavrentiya,39.76,92,-171.0,65.58,100,RU,29.1,1602878526
185,esmeraldas,77.0,65,-44.31,-19.76,40,BR,12.75,1602878527
186,chumikan,36.05,80,135.31,54.72,93,RU,18.88,1602878528
187,sitka,50.0,66,-135.33,57.05,75,US,4.7,1602878529
188,aitape,76.03,90,142.35,-3.14,100,PG,2.28,1602878530
189,roald,46.4,87,6.13,62.58,40,NO,3.36,1602878531
190,mende,42.8,87,3.5,44.67,90,FR,5.82,1602878532
191,petropavlovsk-kamchatskiy,30.2,86,158.65,53.05,20,RU,4.47,1602878533
192,dinga,71.6,56,73.72,32.64,0,PK,2.42,1602878535
193,saint-michel-des-saints,45.25,83,-73.92,46.68,100,CA,7.27,1602878536
194,san quintin,81.0,48,-115.95,30.48,0,MX,12.75,1602878537
195,qeshm,69.8,34,56.27,26.96,0,IR,9.17,1602878538
196,east wenatchee bench,62.01,58,-120.28,47.43,90,US,5.82,1602878539
197,dikson,25.3,95,80.55,73.51,100,RU,11.45,1602878540
198,manta,84.2,66,-80.73,-0.95,40,EC,13.87,1602878541
199,mount gambier,53.6,87,140.77,-37.83,90,AU,9.17,1602878543
200,manitouwadge,33.8,64,-85.84,49.12,75,CA,6.93,1602878544
201,deputatskiy,13.35,97,139.9,69.3,100,RU,8.68,1602878545
202,tarauaca,89.73,50,-70.77,-8.16,99,BR,1.3,1602878546
203,patiya,78.15,93,91.98,22.29,100,BD,4.45,1602878549
204,troitsko-pechorsk,30.9,97,56.2,62.71,95,RU,8.86,1602878550
205,ilinskiy,35.6,84,38.12,55.62,27,RU,2.24,1602878552
206,lazurne,60.8,100,32.53,46.08,45,UA,6.71,1602878553
207,kailua,82.4,74,-157.74,21.4,40,US,8.05,1602878554
208,manavalakurichi,80.6,88,77.3,8.13,40,IN,3.36,1602878555
209,byron bay,60.01,100,153.62,-28.65,30,AU,4.81,1602878557
210,ilulissat,48.2,73,-51.1,69.22,75,GL,10.29,1602878559
211,duluth,39.2,32,-92.11,46.78,90,US,16.11,1602878527
212,mehamn,32.0,84,27.85,71.04,75,NO,10.29,1602878561
213,saint-augustin,52.79,75,-58.65,51.23,51,CA,11.9,1602878562
214,jalingo,78.73,73,11.37,8.88,8,NG,2.64,1602878563
215,bubaque,83.07,82,-15.83,11.28,100,GW,10.83,1602878565
216,coquimbo,59.0,77,-71.34,-29.95,75,CL,11.41,1602878566
217,urgut,57.2,44,67.24,39.4,0,UZ,4.7,1602878567
218,upernavik,36.19,77,-56.15,72.79,100,GL,9.73,1602878568
219,shu,51.01,91,73.76,43.6,0,KZ,1.01,1602878569
220,tilichiki,31.5,93,166.1,60.47,14,RU,1.28,1602878570
221,ponta delgada,64.4,93,-25.67,37.73,40,PT,10.29,1602878571
222,bady bassitt,79.54,47,-49.45,-20.92,100,BR,9.53,1602878573
223,huarmey,69.8,66,-78.15,-10.07,8,PE,11.48,1602878574
224,hami,40.69,55,93.45,42.8,6,CN,1.25,1602878575
225,mana,83.79,69,-53.78,5.66,0,GF,12.55,1602878576
226,hannibal,59.0,21,-91.36,39.71,40,US,14.99,1602878441
227,natal,84.2,58,-35.21,-5.79,60,BR,17.22,1602878442
228,abay,28.4,79,72.85,49.63,9,KZ,6.71,1602878579
229,tiksi,22.95,98,128.87,71.69,100,RU,7.47,1602878581
230,hakkari,48.2,49,44.17,37.58,0,TR,2.42,1602878582
231,adrar,92.57,13,-10.07,20.5,0,MR,9.46,1602878583
232,prainha,95.95,35,-53.48,-1.8,62,BR,5.48,1602878584
233,hualmay,68.52,68,-77.61,-11.1,33,PE,11.81,1602878585
234,tabou,77.13,88,-7.35,4.42,95,CI,7.36,1602878586
235,tahoua,92.88,18,5.27,14.89,0,NE,4.83,1602878588
236,tual,80.83,79,132.75,-5.67,93,ID,14.79,1602878589
237,conneaut,51.8,29,-80.55,41.95,20,US,4.7,1602878590
238,guerrero negro,83.7,42,-114.06,27.98,91,MX,13.13,1602878591
239,praia da vitoria,66.2,88,-27.07,38.73,75,PT,7.58,1602878593
240,mbandaka,73.58,88,18.26,0.05,0,CD,3.89,1602878595
241,lebu,57.72,75,-73.65,-37.62,2,CL,5.75,1602878596
242,kiunga,71.92,99,141.29,-6.12,100,PG,1.36,1602878597
243,colinas,96.85,27,-44.25,-6.03,65,BR,4.14,1602878345
244,muravlenko,37.11,99,74.52,63.79,100,RU,13.82,1602878600
245,baixa grande,90.1,24,-40.17,-11.96,55,BR,5.23,1602878409
246,codrington,54.61,95,141.97,-38.27,100,AU,11.54,1602878603
247,susehri,59.41,44,38.09,40.16,0,TR,1.57,1602878604
248,east london,68.29,74,27.91,-33.02,86,ZA,22.91,1602878605
249,mina,71.01,56,-100.53,26.0,90,MX,13.87,1602878606
250,port elizabeth,64.4,88,25.57,-33.92,0,ZA,18.34,1602878588
251,bose,51.01,85,8.01,45.46,41,IT,3.0,1602878608
252,saskylakh,3.56,93,114.08,71.92,84,RU,2.73,1602878609
253,kayerkan,14.0,92,87.76,69.35,48,RU,4.47,1602878611
254,vila do maio,82.4,78,-23.22,15.13,100,CV,2.24,1602878612
255,leshukonskoye,32.25,98,45.76,64.9,100,RU,5.48,1602878613
256,akureyri,39.2,86,-18.09,65.68,90,IS,3.36,1602878614
257,emerald,60.8,82,148.17,-23.53,0,AU,5.82,1602878415
258,vila velha,69.8,88,-40.29,-20.33,75,BR,11.41,1602878616
259,vangaindrano,72.3,90,47.6,-23.35,74,MG,3.85,1602878618
260,severobaykalsk,21.2,87,109.32,55.65,61,RU,8.81,1602878619
261,gubkinskiy,36.45,98,76.5,64.43,100,RU,11.32,1602878620
262,mocuba,68.45,87,36.99,-16.84,0,MZ,2.24,1602878621
263,richards bay,68.5,85,32.04,-28.78,73,ZA,4.34,1602878622
264,fortuna,73.4,49,-124.16,40.6,1,US,6.93,1602878623
265,chokurdakh,33.04,99,147.92,70.63,100,RU,7.63,1602878624
266,santa rosa,80.01,94,121.11,14.31,20,PH,4.94,1602878626
267,port hawkesbury,62.6,55,-61.35,45.62,1,CA,11.41,1602878627
268,longyearbyen,26.6,58,15.64,78.22,75,SJ,13.87,1602878598
269,shingu,57.94,91,135.98,33.73,100,JP,7.83,1602878630
270,rio cuarto,87.8,27,-64.35,-33.13,2,AR,27.51,1602878416
271,vitre,51.8,87,-1.21,48.12,90,FR,1.12,1602878633
272,jiangyou,56.14,82,104.72,31.77,86,CN,1.28,1602878634
273,tselinnoye,42.75,80,85.67,53.08,100,RU,10.42,1602878635
274,isangel,73.89,73,169.27,-19.55,0,VU,11.86,1602878636
275,staffanstorp,46.99,81,13.21,55.64,27,SE,12.75,1602878637
276,kwinana,57.99,71,115.77,-32.25,0,AU,16.11,1602878639
277,talnakh,14.0,92,88.4,69.49,92,RU,4.47,1602878641
278,mahebourg,69.8,88,57.7,-20.41,20,MU,4.7,1602878395
279,state college,52.0,65,-77.86,40.79,100,US,4.88,1602878643
280,pisco,75.2,53,-76.22,-13.7,6,PE,8.05,1602878644
281,lerwick,44.6,93,-1.15,60.15,100,GB,8.05,1602878645
282,kharp,29.12,97,65.81,66.8,100,RU,14.43,1602878646
283,waunakee,52.0,34,-89.46,43.19,75,US,11.41,1602878606
284,lima,68.0,72,-77.03,-12.04,75,PE,16.11,1602878637
285,namibe,71.6,88,12.15,-15.2,75,AO,11.41,1602878650
286,andenes,42.8,87,16.12,69.31,75,NO,24.16,1602878404
287,rincon,84.99,45,-81.24,32.3,20,US,10.29,1602878642
288,chardara,58.15,36,67.97,41.25,0,KZ,5.17,1602878654
289,maun,84.2,21,23.42,-19.98,99,BW,6.93,1602878655
290,tessalit,90.75,12,1.01,20.2,0,ML,9.4,1602878657
291,brigham city,59.0,24,-112.02,41.51,1,US,8.05,1602878654
292,bonavista,48.99,80,-53.11,48.65,82,CA,1.99,1602878510
293,pochutla,91.99,66,-96.47,15.74,40,MX,11.41,1602878661
294,barra patuca,78.62,87,-84.28,15.8,100,HN,7.18,1602878662
295,ongandjera,77.41,35,15.07,-17.88,78,NA,2.39,1602878663
296,san patricio,62.6,77,-97.52,28.02,90,US,19.46,1602878665
297,san cristobal,95.0,34,-72.22,7.77,20,VE,16.11,1602878666
298,douentza,96.17,19,-2.95,15.0,93,ML,3.51,1602878667
299,conceicao do araguaia,89.53,42,-49.26,-8.26,97,BR,1.81,1602878669
300,wajima,60.48,57,136.9,37.4,100,JP,7.27,1602878671
301,puerto penasco,87.01,58,-113.53,31.32,21,MX,5.99,1602878395
302,sao filipe,80.65,77,-24.5,14.9,100,CV,4.56,1602878674
303,imeni poliny osipenko,32.85,88,136.49,52.42,92,RU,7.83,1602878675
304,cherskiy,25.54,96,161.3,68.75,86,RU,4.16,1602878676
305,bonthe,79.43,85,-12.51,7.53,76,SL,5.79,1602878677
306,henties bay,59.0,92,14.28,-22.12,44,NA,1.01,1602878400
307,dingle,75.51,88,122.67,11.0,100,PH,2.1,1602878680
308,mizque,70.99,48,-65.34,-17.94,97,BO,4.43,1602878681
309,balkanabat,59.81,30,54.37,39.51,0,TM,6.08,1602878682
310,tucuman,87.8,38,-65.22,-26.82,75,AR,10.29,1602878683
311,sao jose da coroa grande,77.54,81,-35.15,-8.9,59,BR,9.98,1602878684
312,chernyshevskiy,18.99,96,112.47,63.01,100,RU,8.7,1602878685
313,borazjan,80.6,54,51.22,29.27,0,IR,4.7,1602878687
314,pangnirtung,41.0,80,-65.71,66.15,90,CA,5.82,1602878688
315,ballangen,44.6,87,16.83,68.34,75,NO,25.28,1602878689
316,marzuq,70.2,23,46.47,14.4,0,YE,2.89,1602878690
317,fort nelson,23.0,85,-122.7,58.81,75,CA,6.93,1602878691
318,mogocha,29.16,90,119.77,53.73,13,RU,7.43,1602878693
319,comodoro rivadavia,73.4,35,-67.5,-45.87,100,AR,11.41,1602878581
320,novyy urengoy,30.02,98,76.63,66.08,100,RU,17.92,1602878696
321,camacha,68.0,64,-16.33,33.08,20,PT,6.93,1602878697
322,dossor,57.65,35,52.98,47.53,3,KZ,8.39,1602878699
323,zapolyarnyy,32.0,97,30.81,69.42,75,RU,6.93,1602878700
324,dudinka,14.0,92,86.18,69.41,62,RU,4.47,1602878702
325,mitsamiouli,78.82,71,43.28,-11.38,9,KM,2.46,1602878703
326,mosquera,61.97,79,-74.23,4.71,95,CO,3.15,1602878539
327,lata,57.0,70,-8.33,40.16,34,PT,3.0,1602878705
328,caravelas,73.56,90,-39.25,-17.71,100,BR,11.03,1602878532
329,walla walla,72.0,42,-118.34,46.06,1,US,20.8,1602878589
330,mage,71.6,83,-43.04,-22.65,90,BR,3.36,1602878479
331,zhoucheng,50.38,43,116.31,35.91,0,CN,2.21,1602878710
332,flin flon,26.6,58,-101.86,54.77,90,CA,11.41,1602878711
333,mizan teferi,63.45,87,35.58,6.98,99,ET,2.06,1602878712
334,galiakot,82.87,64,74.0,23.52,1,IN,5.01,1602878713
335,jacareacanga,94.5,40,-57.75,-6.22,74,BR,2.66,1602878542
336,viedma,89.01,27,-63.0,-40.81,0,AR,11.01,1602878424
337,sorong,76.98,89,131.25,-0.88,100,ID,9.98,1602878711
338,gobabis,74.08,18,18.97,-22.45,62,NA,11.3,1602878719
339,nyrob,31.46,96,56.72,60.73,97,RU,7.31,1602878720
340,belaya gora,24.89,98,146.42,68.53,100,RU,14.18,1602878721
341,rocha,67.23,70,-54.33,-34.48,58,UY,14.27,1602878465
342,ust-nera,14.79,90,143.2,64.57,100,RU,6.6,1602878723
343,egvekinot,33.87,100,-179.17,66.32,92,RU,6.6,1602878724
344,diamantina,63.77,89,-43.6,-18.25,81,BR,8.37,1602878726
345,wageningen,48.99,81,5.67,51.97,90,NL,2.24,1602878727
346,sibolga,75.76,78,98.78,1.74,50,ID,3.4,1602878728
347,charlestown,66.0,92,151.67,-32.95,79,AU,7.83,1602878729
348,kurchum,44.51,56,83.65,48.57,0,KZ,5.7,1602878730
349,parintins,96.84,35,-56.74,-2.63,99,BR,2.19,1602878490
350,laguna,88.0,17,-121.42,38.42,1,US,9.17,1602878733
351,karakol,42.4,54,78.39,42.49,0,KG,4.07,1602878734
352,sayyan,54.86,34,44.32,15.17,0,YE,5.06,1602878737
353,elin pelin,55.99,93,23.6,42.67,90,BG,3.36,1602878738
354,sao joao da barra,73.4,73,-41.05,-21.64,90,BR,18.34,1602878511
355,melendugno,59.0,93,18.34,40.27,40,IT,4.7,1602878741
356,largo,89.01,65,-82.79,27.91,70,US,11.41,1602878521
357,yar-sale,30.63,98,70.83,66.83,100,RU,23.0,1602878743
358,filingue,95.9,21,3.32,14.35,0,NE,6.35,1602878744
359,saint-francois,48.2,93,3.91,46.42,100,FR,5.82,1602878745
360,preobrazheniye,43.38,76,133.91,42.9,0,RU,6.24,1602878746
361,moanda,71.44,96,13.22,-1.56,94,GA,2.13,1602878749
362,tarko-sale,35.17,99,77.78,64.92,100,RU,10.89,1602878750
363,ilhabela,69.15,77,-45.36,-23.78,96,BR,5.1,1602878751
364,filadelfia,53.6,87,-75.16,39.95,90,US,4.7,1602878550
365,ullapool,46.99,66,-5.16,57.9,95,GB,1.01,1602878753
366,nome,39.2,86,-165.41,64.5,90,US,32.21,1602878643
367,port lincoln,53.58,74,135.87,-34.73,100,AU,13.33,1602878756
368,provideniya,39.99,95,-173.3,64.38,98,RU,11.7,1602878757
369,golden,69.01,21,-105.22,39.76,66,US,1.01,1602878758
370,kasongo,70.23,96,26.67,-4.45,6,CD,2.86,1602878760
371,tabas,62.6,16,56.92,33.6,0,IR,4.7,1602878761
372,mukhen,34.57,84,136.1,48.1,0,RU,8.59,1602878762
373,aflao,80.6,83,1.19,6.12,40,TG,11.41,1602878763
374,lorengau,81.25,74,147.27,-2.02,100,PG,6.35,1602878764
375,vanimo,76.93,83,141.3,-2.67,100,PG,4.88,1602878765
376,puerto narino,87.8,70,-70.38,-3.77,75,CO,3.0,1602878766
377,ambilobe,72.37,69,49.05,-13.2,39,MG,3.38,1602878768
378,ciudad bolivar,92.89,43,-63.55,8.12,7,VE,7.76,1602878769
379,sakakah,75.2,28,40.21,29.97,0,SA,3.36,1602878771
380,castel san pietro terme,51.01,93,11.58,44.4,74,IT,8.05,1602878772
381,grindavik,42.8,93,-22.43,63.84,19,IS,8.05,1602878773
382,ceske budejovice,43.0,93,14.47,48.97,100,CZ,4.09,1602878774
383,letlhakeng,79.16,21,25.03,-24.09,0,BW,5.86,1602878775
384,reims,50.0,81,4.08,49.17,90,FR,4.7,1602878778
385,ulladulla,57.0,100,150.47,-35.35,90,AU,6.73,1602878779
386,annau,55.4,32,58.52,37.89,0,TM,4.7,1602878780
387,xining,36.86,75,101.77,36.62,27,CN,1.63,1602878781
388,itoman,77.0,78,127.67,26.12,40,JP,9.17,1602878782
389,belmonte,80.6,69,-38.88,-15.86,20,BR,11.41,1602878784
390,encheng,67.78,78,112.3,22.18,99,CN,10.27,1602878785
391,imbituba,71.6,68,-48.67,-28.24,0,BR,17.22,1602878786
392,geraldton,59.0,77,114.6,-28.77,90,AU,11.41,1602878787
393,stornoway,48.99,85,-6.39,58.21,99,GB,1.01,1602878788
394,moberly,57.0,37,-92.44,39.42,50,US,5.99,1602878789
395,horsham,51.01,76,-0.33,51.06,75,GB,3.36,1602878772
396,hun,84.47,14,15.95,29.13,40,LY,11.14,1602878792
397,santa ana,93.99,51,-117.87,33.75,20,US,4.7,1602878646
398,birjand,44.6,17,59.22,32.87,0,IR,9.17,1602878794
399,tsybuliv,53.65,85,29.85,49.08,91,UA,10.4,1602878796
400,lubu,64.26,80,112.28,23.17,100,CN,3.33,1602878797
401,korla,45.32,53,86.15,41.76,0,CN,1.05,1602878533
402,yanam,77.36,93,82.22,16.73,0,IN,2.35,1602878800
403,margate,53.01,70,1.39,51.38,93,GB,1.01,1602878792
404,poltavskaya,60.01,73,38.22,45.36,0,RU,3.18,1602878802
405,north platte,61.0,29,-100.77,41.12,1,US,12.75,1602878557
406,road town,80.6,78,-64.62,18.42,75,VG,13.87,1602878804
407,skagen,46.99,80,10.58,57.72,0,DK,10.0,1602878806
408,aviles,54.0,81,-5.92,43.55,22,ES,3.36,1602878807
409,mokokchung,60.73,100,94.53,26.33,0,IN,2.93,1602878808
410,bereda,51.01,97,-7.54,43.27,100,ES,1.99,1602878809
411,kieta,80.02,72,155.63,-6.22,50,PG,1.81,1602878810
412,ancud,64.0,63,-73.82,-41.87,91,CL,8.05,1602878811
413,shenjiamen,64.74,75,122.3,29.96,100,CN,14.2,1602878812
414,sinnamary,83.98,66,-52.95,5.38,0,GF,13.73,1602878814
415,cap-aux-meules,59.0,72,-61.86,47.38,20,CA,14.99,1602878815
416,kahului,84.2,58,-156.47,20.89,20,US,5.82,1602878816
417,udine,53.01,87,13.24,46.06,100,IT,3.18,1602878716
418,montepuez,72.77,77,39.0,-13.13,26,MZ,7.94,1602878818
419,sorland,46.4,81,12.69,67.67,75,NO,18.34,1602878819
420,durban,68.0,88,31.03,-29.86,90,ZA,8.05,1602878654
421,ntungamo,65.48,86,29.65,-0.88,61,UG,4.81,1602878821
422,lodja,70.54,96,23.43,-3.48,83,CD,1.99,1602878823
423,clyde river,33.8,100,-68.59,70.47,90,CA,5.82,1602878824
424,garowe,81.1,58,48.48,8.41,0,SO,10.63,1602878712
425,vasilsursk,37.51,90,46.01,56.13,100,RU,8.37,1602878828
426,klaksvik,42.8,93,-6.59,62.23,100,FO,5.82,1602878767
427,jatai,73.24,78,-51.71,-17.88,68,BR,8.39,1602878713
428,samana,86.0,84,-69.34,19.21,40,DO,9.17,1602878833
429,sur,78.42,50,59.53,22.57,0,OM,9.51,1602878720
430,ashtabula,54.0,29,-80.77,41.7,20,US,4.7,1602878835
431,hudiksvall,41.99,75,17.1,61.73,0,SE,6.78,1602878647
432,sembakung,74.01,98,117.25,3.82,92,ID,0.78,1602878812
433,santa maria,77.36,57,-53.81,-29.68,0,BR,9.89,1602878839
434,pali,84.34,46,73.33,25.77,22,IN,6.93,1602878812
435,olden,39.2,93,6.81,61.84,0,NO,4.7,1602878841
436,neuquen,87.8,31,-68.06,-38.95,0,AR,2.24,1602878842
437,mwinilunga,70.52,54,24.43,-11.74,4,ZM,4.92,1602878843
438,teguldet,37.99,87,88.17,57.31,100,RU,10.83,1602878844
439,matara,77.32,89,80.54,5.95,36,LK,9.55,1602878846
440,siwana,86.77,42,72.42,25.63,44,IN,5.41,1602878847
441,lucapa,68.16,85,20.74,-8.42,100,AO,1.68,1602878849
442,verkhoyansk,9.84,91,133.38,67.54,100,RU,4.56,1602878850
443,xuddur,74.52,79,43.89,4.12,12,SO,18.7,1602878851
444,borovoy,39.2,93,86.08,55.43,40,RU,8.95,1602878852
445,sokoto,89.58,30,5.24,13.06,42,NG,4.9,1602878855
446,khandyga,12.11,92,135.6,62.67,21,RU,2.95,1602878856
447,kloulklubed,77.0,94,134.26,7.04,75,PW,1.43,1602878857
448,luau,71.91,73,22.22,-10.71,43,AO,3.51,1602878858
449,padang,77.22,77,100.35,-0.95,99,ID,3.51,1602878859
450,lahad datu,75.25,91,118.33,5.03,100,MY,4.45,1602878860
451,teo,52.0,66,-8.5,42.75,100,ES,3.36,1602878584
452,tessaoua,91.36,23,7.99,13.76,1,NE,3.11,1602878863
453,tezu,75.38,58,96.17,27.92,0,IN,3.4,1602878864
454,gavrilov posad,35.15,87,40.12,56.56,0,RU,7.67,1602878865
455,santa cruz del sur,86.5,64,-78.0,20.71,10,CU,8.55,1602878866
456,sharlyk,54.39,80,54.75,52.92,100,RU,11.9,1602878867
457,necochea,72.52,67,-58.74,-38.55,0,AR,10.78,1602878868
458,utraula,76.1,72,82.42,27.32,0,IN,2.95,1602878870
459,labuhan,78.31,78,112.21,-6.88,100,ID,10.29,1602878871
460,cockburn town,83.62,80,-71.14,21.46,0,TC,18.16,1602878873
461,kodinsk,26.2,96,99.18,58.69,100,RU,4.76,1602878874
462,zalegoshch,44.56,95,36.89,52.9,30,RU,6.24,1602878875
463,ulkan,25.81,93,107.32,57.24,99,RU,8.03,1602878876
464,coos bay,75.99,59,-124.22,43.37,1,US,8.05,1602878878
465,yulara,77.0,31,130.99,-25.24,0,AU,10.29,1602878879
466,bayanday,25.57,92,105.51,53.07,38,RU,6.29,1602878880
467,kondinskoye,38.52,76,67.41,59.65,26,RU,14.09,1602878881
468,puerto leguizamo,89.91,51,-74.78,-0.19,42,CO,0.92,1602878882
469,ust-kuyga,16.84,96,135.6,70.02,100,RU,5.95,1602878884
470,churapcha,15.58,93,132.43,62.0,100,RU,5.97,1602878886
471,iquitos,86.0,66,-73.25,-3.75,40,PE,5.82,1602878888
472,ivanovka,44.6,40,75.08,42.89,0,KG,4.47,1602878889
473,muroto,63.34,86,134.15,33.28,100,JP,24.11,1602878706
474,emba,53.53,42,58.14,48.83,100,KZ,8.9,1602878892
475,novobirilyussy,35.98,86,90.67,56.95,100,RU,9.66,1602878893
476,atasu,47.43,50,71.64,48.68,0,KZ,1.88,1602878894
477,bahia honda,83.44,78,-83.16,22.9,90,CU,6.67,1602878895
478,bethel,51.8,93,-73.41,41.37,90,US,8.05,1602878738
479,tiznit,57.27,78,-9.5,29.58,36,MA,4.43,1602878897
480,horni plana,42.01,89,14.03,48.77,100,CZ,8.99,1602878898
481,sobolevo,37.76,86,31.9,54.43,5,RU,6.24,1602878899
482,qandala,83.05,45,49.87,11.47,0,SO,5.46,1602878901
483,yershichi,39.52,86,32.75,53.67,0,RU,5.64,1602878902
484,prieska,81.43,14,22.75,-29.66,0,ZA,7.61,1602878903
485,te anau,39.85,89,167.72,-45.42,99,NZ,2.91,1602878904
486,karratha,65.7,71,116.85,-20.74,0,AU,12.57,1602878815
487,fairbanks,17.01,84,-147.72,64.84,1,US,8.05,1602878739
488,ixtapa,91.4,63,-105.2,20.7,20,MX,9.17,1602878908
489,brae,44.6,93,-1.35,60.4,100,GB,8.05,1602878909
490,malartic,44.01,48,-78.13,48.13,75,CA,3.36,1602878722
491,teknaf,80.82,87,92.31,20.86,97,BD,4.14,1602878911
492,brenham,73.0,37,-96.4,30.17,1,US,6.93,1602878666
493,bethanien,75.97,18,17.16,-26.5,38,NA,8.63,1602878913
494,grand gaube,71.01,77,57.66,-20.01,0,MU,1.99,1602878915
495,volodarskiy,57.0,100,48.54,46.4,90,RU,4.47,1602878916
496,edd,84.42,65,41.69,13.93,0,ER,2.08,1602878917
497,nara,57.0,85,135.8,34.69,100,JP,4.92,1602878685
498,maceio,80.6,74,-35.74,-9.67,40,BR,13.87,1602878920
499,coihaique,66.2,39,-72.07,-45.58,10,CL,8.05,1602878921
500,tabuk,73.71,89,121.44,17.42,94,PH,2.95,1602878923
501,cerchezu,64.99,78,28.1,43.82,0,RO,3.0,1602878924
502,bogorodskoye,35.64,86,37.88,56.55,77,RU,3.74,1602878925
503,ardakan,59.0,10,54.02,32.31,0,IR,4.7,1602878926
504,calabozo,83.34,86,-67.43,8.92,100,VE,3.96,1602878927
505,mikuni,55.4,93,136.15,36.22,75,JP,4.7,1602878734
506,wajir,82.74,51,40.06,1.75,1,KE,19.39,1602878929
507,melilla,64.4,72,-2.94,35.29,67,ES,2.24,1602878931
508,haines junction,26.15,74,-137.51,60.75,62,CA,7.83,1602878897
509,manoel urbano,94.62,38,-69.26,-8.84,60,BR,3.65,1602878933
510,northam,48.99,86,-4.22,51.03,22,GB,7.29,1602878934
511,am timan,77.49,78,20.28,11.03,1,TD,6.4,1602878935
512,chachapoyas,65.82,64,-77.87,-6.23,56,PE,7.78,1602878936
513,salinas,91.99,21,-121.66,36.68,1,US,9.17,1602878814
514,kruisfontein,64.0,86,24.73,-34.0,0,ZA,1.01,1602878848
515,tokur,25.34,94,132.9,53.13,98,RU,5.08,1602878940
516,circleville,55.4,32,-82.95,39.6,40,US,5.82,1602878941
517,chapleau,33.8,71,-83.4,47.84,75,CA,9.17,1602878942
518,naze,73.4,94,129.48,28.37,75,JP,2.24,1602878943
519,gold coast,64.0,93,153.43,-28.0,73,AU,3.51,1602878832
520,moerai,73.17,82,-151.33,-22.43,0,PF,15.41,1602878946
521,maarianhamina,30.2,100,19.93,60.1,7,AX,1.12,1602878947
522,sabha,85.08,14,14.43,27.04,12,LY,13.8,1602878948
523,saint-leu,73.4,83,55.28,-21.15,20,RE,3.36,1602878951
524,dhidhdhoo,81.97,73,73.1,6.88,90,MV,16.24,1602878952
525,krasnoselkup,29.34,98,82.47,65.7,100,RU,15.68,1602878919
526,khuzdar,63.25,23,66.64,27.74,1,PK,4.12,1602878955
527,morehead,62.6,22,-87.18,37.27,1,US,8.05,1602878956
528,mayo,55.4,87,-76.51,38.89,90,US,12.28,1602878768
529,nauchnyy gorodok,44.6,65,83.52,53.42,78,RU,11.18,1602878958
530,kawalu,70.27,93,108.21,-7.38,100,ID,1.07,1602878959
531,bosaso,81.95,47,49.18,11.28,0,SO,5.23,1602878908
532,prescott,84.0,12,-112.47,34.54,1,US,4.81,1602878664
533,mataram,75.2,88,116.12,-8.58,40,ID,6.51,1602878964
534,meleuz,52.75,72,55.92,52.97,100,RU,9.37,1602878965
535,zaragoza,50.0,66,-0.88,41.66,16,ES,8.05,1602878966
536,luganville,77.0,83,167.17,-15.53,40,VU,3.36,1602878757
537,semirom,32.88,78,51.57,31.42,0,IR,2.73,1602878947
538,methoni,77.0,83,21.7,36.82,20,GR,4.68,1602878970
539,kamuli,65.52,90,33.12,0.95,33,UG,3.29,1602878972
540,senges,69.01,85,-49.46,-24.11,64,BR,5.01,1602878973
541,oksfjord,33.8,87,22.35,70.24,90,NO,9.17,1602878974
542,stromness,44.6,87,-3.3,58.97,100,GB,5.82,1602878975
543,nizhniy baskunchak,62.04,68,46.83,48.22,72,RU,8.55,1602878976
544,rumford,55.0,96,-70.55,44.55,100,US,3.8,1602878978
545,inhambane,71.6,83,35.38,-23.86,20,MZ,9.17,1602878760
546,atherton,52.0,70,-2.49,53.52,46,GB,1.99,1602878981
547,bom jesus da lapa,97.09,17,-43.42,-13.26,0,BR,3.87,1602878982
548,vestmanna,42.8,93,-7.17,62.16,97,FO,5.82,1602878745
549,poceirao,60.8,67,-8.79,38.83,0,PT,8.05,1602878984
550,jutai,89.83,51,-68.9,-5.18,43,BR,2.91,1602878986
551,taiyuan,32.0,43,112.56,37.87,0,CN,2.24,1602878701
552,bykovo,35.6,83,38.08,55.64,33,RU,2.24,1602878988
553,nioro,81.46,77,-15.75,13.35,100,GM,8.5,1602878990
554,ukiah,93.0,16,-123.21,39.15,1,US,4.16,1602878991
555,raduzhnyy,39.85,94,77.47,62.1,100,RU,12.41,1602878992
556,kwekwe,70.07,37,29.81,-18.93,0,ZW,10.0,1602878994
557,ler,74.05,90,30.14,8.3,100,SS,1.95,1602878995
558,bayji,75.02,25,43.49,34.93,0,IQ,10.02,1602878998
559,tayoltita,93.47,22,-105.93,24.08,0,MX,4.5,1602878999
560,alta floresta,95.22,30,-56.09,-9.88,50,BR,3.69,1602878834
561,gizo,81.95,73,156.84,-8.1,78,SB,3.44,1602879002
562,alyangula,69.8,100,136.42,-13.85,13,AU,4.59,1602879003
563,samarai,78.15,86,150.67,-10.62,50,PG,12.64,1602879005
564,khash,46.67,46,61.22,28.22,0,IR,5.3,1602879006
565,los llanos de aridane,71.6,78,-17.92,28.66,75,ES,8.05,1602878750
566,surt,75.31,87,16.59,31.21,80,LY,10.58,1602879008
567,lakatoro,77.0,83,167.42,-16.1,40,VU,3.36,1602879009
568,zhangye,39.54,57,100.45,38.93,0,CN,1.52,1602879012
569,alice springs,75.0,42,133.88,-23.7,0,AU,9.08,1602878801
570,ardabil,53.11,63,48.29,38.25,0,IR,1.92,1602878748
571,newport,51.01,90,-3.0,51.59,49,GB,8.05,1602879016
572,christchurch,52.0,81,172.63,-43.53,100,NZ,10.29,1602878991
573,nishihara,77.0,88,127.76,26.18,75,JP,8.57,1602879019
574,praia,82.4,78,-23.51,14.92,100,CV,2.24,1602879020
575,diffa,90.68,24,12.61,13.32,0,NE,5.86,1602879021
576,conceicao do castelo,61.21,94,-41.24,-20.37,100,BR,5.95,1602879022
577,faya,66.2,17,42.45,18.39,0,SA,9.17,1602878958
578,camana,67.8,68,-72.71,-16.62,51,PE,7.43,1602879026
579,vizinga,32.95,94,50.1,61.07,100,RU,6.85,1602879027
580,rio gallegos,55.4,50,-69.22,-51.62,75,AR,13.87,1602879028
581,kavieng,81.64,74,150.8,-2.57,97,PG,11.99,1602878955
582,ostrovnoy,34.56,85,39.51,68.05,100,RU,11.14,1602879031
583,chicama,64.4,82,-79.15,-7.84,20,PE,14.99,1602879032
584,aykhal,10.4,92,111.5,66.0,0,RU,4.47,1602878868
585,sharjah,84.2,41,55.4,25.36,0,AE,1.54,1602879035
586,kaka,49.03,56,59.61,37.35,0,TM,1.68,1602879036
587,paratinga,96.89,17,-43.18,-12.69,0,BR,0.85,1602879038
588,san policarpo,78.03,87,125.51,12.18,100,PH,5.53,1602879039
589,kampot,77.92,87,104.18,10.62,100,KH,9.22,1602879040
590,banda aceh,81.34,70,95.32,5.56,100,ID,13.44,1602878775
